epsilon,pAcc,t,ts,rhos,weight,nest_quality_assessment_error,percentage_foragers,number_nests_dbl,exploring_phase_dbl
29.257477676656,0.000000000000,2724,20,0.000000000000,1.000000000000,7.512339786996,49.074315698236,2.250912938146,1618.371405302315
29.257477676656,0.000000000000,2724,206,0.000000000000,2.426347591879,32.181401905922,16.101002275941,2.443811616195,4343.170717302824
29.257477676656,0.000000000000,2724,315,0.000000000000,3.167257605719,0.460576423853,58.712511033064,2.752009450242,3801.468892975489
29.257477676656,0.000000000000,2724,690,0.000000000000,2.261119560440,42.543247455552,53.886627058510,2.028364693531,3502.074422508792
29.257477676656,0.000000000000,2724,829,0.000000000000,5.293303939746,2.456148426850,94.662683842022,2.017797181886,2334.221262431868
29.257477676656,0.000000000000,2724,1189,0.000000000000,3.314389062800,35.580855401431,26.274001719754,2.487549346423,2627.293761141981
29.257477676656,0.000000000000,2724,1244,0.000000000000,2.639329327133,40.322883311875,60.982752580218,2.809193819309,3517.529262220917
29.257477676656,0.000000000000,2724,1412,0.000000000000,5.992996139372,43.055291158891,96.845329863975,2.494053341986,1048.661647534717
29.257477676656,0.000000000000,2724,2298,0.000000000000,2.980378009480,18.166929851323,82.268180654573,2.997799766393,4285.987537759584
29.257477676656,0.000000000000,2724,2331,0.000000000000,1.921001620854,22.173646845315,44.710098621822,2.486632126526,2717.062454164318
29.257477676656,0.000000000000,2724,598,1.414213562373,4.970141714204,2.717643895087,64.560536731355,2.618263809057,2528.702143778394
29.257477676656,0.000000000000,2724,914,1.414213562373,3.350058573137,42.462391955865,93.076720077202,2.675660252194,2704.871534152805
29.257477676656,0.000000000000,2724,1266,1.414213562373,3.204864343371,21.074598204193,95.020716993278,2.186577205152,2782.551622587494
29.257477676656,0.000000000000,2724,1612,1.414213562373,2.780197644903,26.082593550646,6.060684449802,2.615027744380,3668.413009100326
29.257477676656,0.000000000000,2724,1825,1.414213562373,3.670985952898,15.354167832049,13.657098676219,2.619096907109,2327.441191685505
29.257477676656,0.000000000000,2724,1925,1.414213562373,1.970315125607,26.242948223373,17.312939683152,2.968074273339,4245.712090452109
29.257477676656,0.000000000000,2724,2288,1.414213562373,2.375912571555,41.551636528496,55.060300778051,2.042664670657,2732.080918611207
29.257477676656,0.000000000000,2724,2464,1.414213562373,1.954932892542,21.564850622762,48.000326331895,2.094356838541,2401.163448185303
29.257477676656,0.000000000000,2724,2468,1.414213562373,1.752993956537,28.090180502435,31.647805705265,2.559473906286,4209.591055817395
29.257477676656,0.000000000000,2724,2677,1.414213562373,1.756373485360,20.975208233469,34.510186026027,2.861207183447,3350.810476904921
29.257477676656,0.000000000000,2724,833,2.828427124746,2.415683651992,19.288769095890,81.354627011071,2.053796755208,3257.910877445730
29.257477676656,0.000000000000,2724,1626,2.828427124746,2.155898007958,27.736198624043,59.937697586104,2.388599969744,3218.599469188927
29.257477676656,0.000000000000,2724,2312,2.828427124746,2.257124003331,33.736031407542,58.922881201709,2.314119199452,2157.003672495359
29.257477676656,0.000000000000,2724,2659,2.828427124746,2.440935771986,36.009446436194,9.170352865874,2.809802604287,3499.275658942364
29.257477676656,0.000000000000,2724,2699,2.828427124746,2.148759456213,14.262300445523,67.007611606312,2.189536642683,2561.818110686769
29.257477676656,0.000000000000,2724,603,4.242640687119,2.017763322252,16.650149185759,71.824832681936,2.505054866321,3588.203992686478
29.257477676656,0.000000000000,2724,654,4.242640687119,4.881696075463,16.320600421867,3.537797357168,37.571035804877,8042.436167881253
29.257477676656,0.000000000000,2724,852,4.242640687119,2.742872313919,48.505337382482,42.600081611164,2.962281095813,3664.803623371966
29.257477676656,0.000000000000,2724,1188,4.242640687119,2.900895321501,3.629319771811,43.181757858667,2.344351263885,4377.187348757450
29.257477676656,0.000000000000,2724,1769,4.242640687119,2.188227012883,25.357916210577,32.095215662334,2.389287961703,2808.069666274158
29.257477676656,0.000000000000,2724,2002,4.242640687119,2.146998901331,28.942982787388,67.524825548754,2.855448566127,3601.382835613646
29.257477676656,0.000000000000,2724,2058,4.242640687119,2.120255830569,32.135151847770,59.483942463407,2.912294341091,2637.629490966040
29.257477676656,0.000000000000,2724,2360,4.242640687119,2.985590646578,19.318646096144,82.649927517135,2.505236546291,4251.684346330823
29.257477676656,0.000000000000,2724,2487,4.242640687119,2.342911743902,10.055833382934,65.679323876092,2.874519735866,2639.317269617945
29.257477676656,0.000000000000,2724,2585,4.242640687119,1.919258931833,21.838452316823,37.629935786720,2.492421326925,5000.923863073875
29.257477676656,0.000000000000,2724,296,5.656854249492,4.354653195413,36.144450024851,34.714446999364,2.689856183004,2406.533036303610
29.257477676656,0.000000000000,2724,296,5.656854249492,4.559572041333,32.497040965121,94.935381227124,2.933693238096,2322.951033295315
29.257477676656,0.000000000000,2724,406,5.656854249492,1.357815892721,21.204720617809,38.116322981502,2.465506932864,4639.846130606092
29.257477676656,0.000000000000,2724,422,5.656854249492,13.901961778026,28.920153945403,92.663934093091,2.211086930054,1252.574710879740
29.257477676656,0.000000000000,2724,1461,5.656854249492,3.889598668604,16.731878351821,16.836103243894,2.217628341374,2502.091499587259
29.257477676656,0.000000000000,2724,1509,5.656854249492,2.999583256037,34.148918733079,85.980413590799,2.651577436021,3632.679941335560
29.257477676656,0.000000000000,2724,1556,5.656854249492,3.308695968827,2.380017931176,68.581843211657,2.054170301843,3354.150324334626
29.257477676656,0.000000000000,2724,1860,5.656854249492,2.310486732878,40.331864974277,56.123224885976,2.686718634286,3481.419172837823
29.257477676656,0.000000000000,2724,1927,5.656854249492,1.960633964059,33.623925096928,39.151398878640,2.578825633912,3441.592217633777
29.257477676656,0.000000000000,2724,235,7.071067811865,2.363659371360,48.875724866115,67.979548273303,2.669848682227,4180.250105638985
29.257477676656,0.000000000000,2724,857,7.071067811865,2.957520529901,2.208550447574,57.607842491705,2.976696342384,3660.606527758250
29.257477676656,0.000000000000,2724,937,7.071067811865,4.749561486521,31.990041319968,39.805207928986,2.400414790937,1650.253901491116
29.257477676656,0.000000000000,2724,1194,7.071067811865,3.006649402641,12.761696719903,17.927170562983,2.594498272136,3812.524337377989
29.257477676656,0.000000000000,2724,1361,7.071067811865,2.835070688768,9.583631741799,68.504148966571,2.570096354704,3174.453577195334
29.257477676656,0.000000000000,2724,2500,7.071067811865,2.221603809970,13.923403560976,26.023666410662,2.823166423946,2833.548896636197
29.257477676656,0.000000000000,2724,2021,7.483314773548,2.694117896019,26.517369429592,4.672306551109,78.409126573757,7217.136986432264
29.257477676656,0.000000000000,2724,2540,7.483314773548,1.998674811314,22.610043412161,8.950329265910,36.544790594444,7253.146029376212
29.257477676656,0.000000000000,2724,100,8.485281374239,1.000000000000,29.703868412210,85.525186519192,2.830918106154,3158.613745250980
29.257477676656,0.000000000000,2724,356,8.485281374239,2.231488050167,21.321429524521,19.943495458410,2.803040924049,3584.294685608645
29.257477676656,0.000000000000,2724,850,8.485281374239,2.811597908461,11.333567370992,90.841813813822,2.865246379329,3394.306031445167
29.257477676656,0.000000000000,2724,1049,8.485281374239,2.768820222201,17.360321703615,6.712291396872,75.146029952511,7349.207217284777
29.257477676656,0.000000000000,2724,1345,8.485281374239,2.619392656340,22.274417966958,52.851885168357,2.300168786713,2483.847090350705
29.257477676656,0.000000000000,2724,1450,8.485281374239,2.159369664620,25.472591425427,57.024753830203,2.354098535858,3851.881672635072
29.257477676656,0.000000000000,2724,1567,8.485281374239,3.504441184776,48.320612231494,9.757655465110,21.905702028129,6713.368033488112
29.257477676656,0.000000000000,2724,1699,8.485281374239,2.243548463544,34.847441988054,45.459231053624,2.381827756962,2800.867544176685
29.257477676656,0.000000000000,2724,1927,8.485281374239,2.521721491424,12.914562286039,18.364338513478,2.396014011348,3364.104165424419
29.257477676656,0.000000000000,2724,2056,8.485281374239,2.403223360303,8.454156943390,42.066496098051,2.294933763654,3055.674003255945
29.257477676656,0.000000000000,2724,2127,8.485281374239,2.566880804383,31.226882854603,43.949495394435,2.265146115283,1882.251742540628
29.257477676656,0.000000000000,2724,2167,8.485281374239,2.625302237506,29.129585723237,76.118772871290,2.024724055366,1835.464341407070
29.257477676656,0.000000000000,2724,2190,8.485281374239,2.540417238358,43.029472154262,58.292863360090,2.958463541850,2893.396899738124
29.257477676656,0.000000000000,2724,2462,8.485281374239,1.922710796209,19.104393959965,46.993858410590,2.450807916605,2626.721029944444
29.257477676656,0.000000000000,2724,1151,8.831760866328,2.212165841358,26.381420378552,4.294848435524,33.323118677066,4850.262458447149
29.257477676656,0.000000000000,2724,1176,8.831760866328,2.352596709418,35.880706998635,5.704466815306,44.382736587123,6915.858768049007
29.257477676656,0.000000000000,2724,2402,8.831760866328,3.765231780685,42.951811301522,4.237413044056,47.708607267416,8610.239312393056
29.257477676656,0.000000000000,2724,108,9.899494936612,1.000000000000,15.754737583600,41.025211251542,2.940420338527,3086.179569129381
29.257477676656,0.000000000000,2724,137,9.899494936612,2.876342269913,28.290465457116,58.874484327488,2.573706672367,3875.114751712791
29.257477676656,0.000000000000,2724,697,9.899494936612,2.123730957790,20.657058015449,89.429807909981,2.363317764102,4142.110554505362
29.257477676656,0.000000000000,2724,1004,9.899494936612,4.537432739477,33.848799204118,32.627038385769,2.577890340087,1935.742576488007
29.257477676656,0.000000000000,2724,1269,9.899494936612,2.752851504517,32.345391499060,7.369814156797,3.749476832996,5173.817595635502
29.257477676656,0.000000000000,2724,1294,9.899494936612,2.628353146266,36.032394839765,42.755545960858,2.829422062394,2908.807793385082
29.257477676656,0.000000000000,2724,1648,9.899494936612,2.984277383891,15.236194663983,80.222606731693,2.867007012063,2498.701658182580
29.257477676656,0.000000000000,2724,1667,9.899494936612,2.512517395712,39.747984461006,64.709479048626,2.777867273789,3494.536153108984
29.257477676656,0.000000000000,2724,1743,9.899494936612,2.307200467334,11.704164898856,8.362969992930,59.418927803453,6883.237565137923
29.257477676656,0.000000000000,2724,1795,9.899494936612,2.819569225186,8.469890850676,78.073491335792,2.375482811055,3833.797091461086
29.257477676656,0.000000000000,2724,1969,9.899494936612,2.484518242706,39.366811649106,60.974717320420,2.821702246084,4251.273243183534
29.257477676656,0.000000000000,2724,1983,9.899494936612,2.238201957388,40.402003399733,33.554236152646,2.381216252723,4583.449027859448
29.257477676656,0.000000000000,2724,2420,9.899494936612,2.039050958165,21.291632311341,51.444047498417,2.886423241262,2355.237201764369
29.257477676656,0.000000000000,2724,2451,9.899494936612,2.359451900869,8.218856542444,27.302815931027,2.713483853745,3096.662699063191
29.257477676656,0.000000000000,2724,2611,9.899494936612,2.124020139938,30.500027295246,69.371431484318,2.002090609962,3625.233060824689
29.257477676656,0.000000000000,2724,903,10.198039027186,2.146662068000,29.279754419357,4.788089367206,35.793080076354,7067.182276004521
29.257477676656,0.000000000000,2724,1292,10.198039027186,2.272727842189,22.276102176100,9.951685602105,61.991895342786,7081.292388701419
29.257477676656,0.000000000000,2724,1995,10.198039027186,2.902085783387,16.893099312061,3.303871409402,8.390825373192,6901.534718867963
29.257477676656,0.000000000000,2724,297,10.677078252031,1.817129650588,26.755021819750,3.067527494830,30.375337863775,4648.848126635825
29.257477676656,0.000000000000,2724,2577,10.954451150103,1.894945454703,19.089105174927,7.592129068508,28.212289622524,4647.546894854503
29.257477676656,0.000000000000,2724,2243,11.224972160322,2.218745262292,30.486622225322,6.676794221452,56.855782978529,5538.871780847841
29.257477676656,0.000000000000,2724,880,11.313708498985,1.967591904021,25.271299950973,66.006690432909,2.148043053597,3781.939989049747
29.257477676656,0.000000000000,2724,1196,11.313708498985,3.240933100366,29.900432614395,10.866842903701,61.863720890105,8366.532382460573
29.257477676656,0.000000000000,2724,1277,11.313708498985,4.014433541400,8.350550724528,19.484839510739,2.717705319525,3147.016340046133
29.257477676656,0.000000000000,2724,1291,11.313708498985,4.535892715494,36.549655542274,6.305814485892,79.986034009776,8510.041533867567
29.257477676656,0.000000000000,2724,1291,11.313708498985,2.762635587949,23.971597499640,17.152602388022,2.854826015299,3643.056936197830
29.257477676656,0.000000000000,2724,1296,11.313708498985,3.201882771929,29.520017264834,59.027894391200,2.882863998950,1860.213021179442
29.257477676656,0.000000000000,2724,1592,11.313708498985,3.309090807748,32.828895451643,11.226923064869,2.566606803250,2825.684540594994
29.257477676656,0.000000000000,2724,1773,11.313708498985,2.080532289864,27.979700792592,48.676829284012,2.399042263655,2702.004460246179
29.257477676656,0.000000000000,2724,1944,11.313708498985,8.917604201225,0.622504097392,8.210852355642,2.482600719723,1773.636383605003
29.257477676656,0.000000000000,2724,1987,11.313708498985,1.899974205724,20.840042329644,25.481202804724,2.298349309644,4057.704972811009
29.257477676656,0.000000000000,2724,2640,11.313708498985,2.785204714179,45.092951512373,9.148983255770,2.894296608577,4265.743068848156
29.257477676656,0.000000000000,2724,2644,11.313708498985,2.815639047090,47.174945970227,34.581540435115,2.252145966093,4977.753667177279
29.257477676656,0.000000000000,2724,1173,11.575836902790,3.095981085341,20.369652816871,4.473707371119,56.869359161658,8448.613577545884
29.257477676656,0.000000000000,2724,1276,11.575836902790,2.924891352005,35.008179185777,3.549675678286,55.337434562020,7794.581093007187
29.257477676656,0.000000000000,2724,927,12.083045973595,2.362894355851,29.044473885969,12.049369074367,4.527014360663,5969.645146629938
29.257477676656,0.000000000000,2724,1160,12.083045973595,2.616589681016,9.109996429980,6.949896105120,39.377079815967,7171.766714481104
29.257477676656,0.000000000000,2724,1857,12.083045973595,3.428159520082,45.015502297093,3.702633750254,32.224197704482,7797.970313048055
29.257477676656,0.000000000000,2724,1756,12.247448713916,4.058738618423,12.298872924367,8.514616432118,79.716850664215,8901.149577199558
29.257477676656,0.000000000000,2724,931,12.649110640674,3.533972976889,45.802221101590,12.291033047104,30.010167269591,7443.173024381674
29.257477676656,0.000000000000,2724,56,12.727922061358,1.000000000000,28.923638982998,49.244296416001,2.651620839802,2794.451477410129
29.257477676656,0.000000000000,2724,399,12.727922061358,2.291631675299,48.469255656795,52.756932499505,2.175699055967,3591.277375108674
29.257477676656,0.000000000000,2724,470,12.727922061358,1.856306278191,45.123241595140,75.317886213891,2.632730014284,4187.511527290937
29.257477676656,0.000000000000,2724,656,12.727922061358,4.356744706865,28.376947705832,99.728174798963,2.392156760949,2127.267569501633
29.257477676656,0.000000000000,2724,1037,12.727922061358,2.584552573951,27.350226787157,81.033385727975,2.535880902788,2709.557792630952
29.257477676656,0.000000000000,2724,1041,12.727922061358,3.302212542145,42.860233492949,88.261489824815,2.095579630750,3174.493593514289
29.257477676656,0.000000000000,2724,1132,12.727922061358,6.821405637483,28.056053766149,6.010092598456,2.673460128826,1998.487492241927
29.257477676656,0.000000000000,2724,1233,12.727922061358,2.510797608740,9.817994624191,55.519342243161,2.986373686023,3935.299627452216
29.257477676656,0.000000000000,2724,1678,12.727922061358,2.546618212679,38.730093892141,69.219607201169,2.848006524781,3461.495646524586
29.257477676656,0.000000000000,2724,1726,12.727922061358,2.841438971184,30.417738580422,41.526819996776,2.064300098650,1834.727530478440
29.257477676656,0.000000000000,2724,1822,12.727922061358,3.195714272317,2.372929688109,60.964491864872,2.710150017609,2698.512078471726
29.257477676656,0.000000000000,2724,2027,12.727922061358,2.921007169609,27.324303806138,88.606210015513,2.774458291847,2099.604025868767
29.257477676656,0.000000000000,2724,2054,12.727922061358,2.324816546031,30.191487368943,6.180267287727,2.291256524614,5318.969291916548
29.257477676656,0.000000000000,2724,2133,12.727922061358,2.597949625326,20.892879602071,3.862686149641,16.056117109316,7225.863804106606
29.257477676656,0.000000000000,2724,2265,12.727922061358,3.045485619736,18.756552745342,44.644416953677,2.333218108986,1394.367190272048
29.257477676656,0.000000000000,2724,2444,12.727922061358,3.721900295428,3.838887394387,5.030118461727,2.153124375783,3112.758019517638
29.257477676656,0.000000000000,2724,564,12.806248474866,2.030363833363,19.126113157420,8.345740369689,52.485847723506,6872.818168214424
29.257477676656,0.000000000000,2724,2354,13.190905958273,2.333635293680,45.015596851084,10.668092433085,28.540751596169,4980.192673874801
29.257477676656,0.000000000000,2724,300,13.928388277184,2.946688227093,14.265366428706,11.474337178762,67.852809267135,6884.055808673420
29.257477676656,0.000000000000,2724,1161,13.928388277184,2.577749211447,10.311183461197,4.317092197522,35.906907719218,7008.214202937614
29.257477676656,0.000000000000,2724,1347,13.928388277184,2.507023476062,23.669632827918,5.984387146439,68.014929016366,6018.602994986248
29.257477676656,0.000000000000,2724,1530,13.928388277184,3.203674242013,5.237522738961,4.252583651968,28.837263051388,7549.062227525549
29.257477676656,0.000000000000,2724,159,14.142135623731,3.594161222127,27.001922516453,18.023123986700,2.707838771980,3223.780079700885
29.257477676656,0.000000000000,2724,372,14.142135623731,1.597842398375,26.930748393966,53.146550022551,2.473290642631,3896.399704197962
29.257477676656,0.000000000000,2724,585,14.142135623731,5.949094586902,10.330465957062,6.064807861837,72.160312888740,8131.043122293743
29.257477676656,0.000000000000,2724,1094,14.142135623731,3.051793970981,8.022112308763,44.205596504599,2.027863771646,3196.995921721566
29.257477676656,0.000000000000,2724,1116,14.142135623731,5.103854257796,16.587612388504,48.623246640335,2.109670203368,1447.965622873460
29.257477676656,0.000000000000,2724,1648,14.142135623731,2.298141256863,32.960478593944,63.799441860553,2.768123459751,3451.574081501063
29.257477676656,0.000000000000,2724,1706,14.142135623731,4.330591060708,24.886274684416,8.505646652910,2.121872357332,2021.827036175129
29.257477676656,0.000000000000,2724,1727,14.142135623731,3.408955737279,46.452497822457,54.187873332418,2.325976323210,2090.991721675067
29.257477676656,0.000000000000,2724,1881,14.142135623731,2.386855053293,9.356468082945,61.674318213746,2.106865506376,3782.282211936220
29.257477676656,0.000000000000,2724,2053,14.142135623731,2.432093960066,30.500936564102,76.553232265504,2.286075091613,2393.877699748763
29.257477676656,0.000000000000,2724,2224,14.142135623731,4.724051919795,42.873403562182,12.698624286678,2.456361240762,1792.071703859635
29.257477676656,0.000000000000,2724,2367,14.142135623731,3.587798309190,1.604632688985,13.884073129204,2.653077868717,5979.407672549081
29.257477676656,0.000000000000,2724,2478,14.142135623731,2.772033023602,36.344700250890,77.605621337658,2.957266512284,3905.825001903059
29.257477676656,0.000000000000,2724,127,14.352700094407,6.852551138517,11.078155047682,11.299352870973,61.628954390081,9741.016656339763
29.257477676656,0.000000000000,2724,844,14.764823060233,2.860230509370,25.340263658194,8.399912961853,13.742903244100,6841.167215228087
29.257477676656,0.000000000000,2724,2022,14.764823060233,2.189199875044,34.811019999964,9.484163632320,32.884784683573,7150.126358635468
29.257477676656,0.000000000000,2724,113,14.966629547096,1.000000000000,8.470484912884,5.171050726736,68.717540940243,9794.897312260358
29.257477676656,0.000000000000,2724,1728,14.966629547096,2.766268585693,14.181468575527,8.881407065929,7.241185800040,6573.790169880294
29.257477676656,0.000000000000,2724,2309,14.966629547096,2.372107368037,27.538765555222,8.062409338132,18.369283576719,7092.835194862237
29.257477676656,0.000000000000,2724,2633,14.966629547096,5.032357810047,30.370126854535,8.458664138795,27.957917158401,9100.578995704520
29.257477676656,0.000000000000,2724,1046,15.165750888103,7.464947483600,2.691123486730,11.169579034698,37.065953889084,9432.571203901829
29.257477676656,0.000000000000,2724,88,15.556349186104,1.000000000000,31.092787498252,31.702599531463,2.348847894990,3423.283878584448
29.257477676656,0.000000000000,2724,628,15.556349186104,1.647232765497,18.401127073389,5.375276587119,20.407369956893,5297.163244146189
29.257477676656,0.000000000000,2724,654,15.556349186104,3.819601801217,0.407813963326,62.329067919075,2.947950452800,2883.576393794445
29.257477676656,0.000000000000,2724,1477,15.556349186104,2.293933332990,23.626706933206,62.173770231176,2.076167711706,3015.229338436797
29.257477676656,0.000000000000,2724,1497,15.556349186104,2.309312658359,19.681444739148,61.741388933458,2.222717848045,2900.384780195553
29.257477676656,0.000000000000,2724,1749,15.556349186104,3.156615962962,47.600260903476,33.081405935153,2.520040657774,5204.280675714173
29.257477676656,0.000000000000,2724,1833,15.556349186104,3.209054302311,0.870174104107,60.309960141391,2.047884244963,3089.148133048966
29.257477676656,0.000000000000,2724,1990,15.556349186104,3.494913724948,17.556525903357,4.540777986186,2.526203866046,2821.590685281184
29.257477676656,0.000000000000,2724,2046,15.556349186104,3.656112084048,39.774861549795,92.320166300098,2.703288239625,3286.144584149622
29.257477676656,0.000000000000,2724,2052,15.556349186104,2.714305961222,11.485753628594,77.215043964383,2.729717103028,3961.421519676224
29.257477676656,0.000000000000,2724,2058,15.556349186104,2.164088481118,29.609209775147,24.691747355325,2.425906379721,3010.604719941607
29.257477676656,0.000000000000,2724,2226,15.556349186104,1.911207135413,24.540116040908,17.987537422848,2.449638066001,3928.894053408704
29.257477676656,0.000000000000,2724,2315,15.556349186104,3.457416180527,17.065021606872,98.593011939199,2.494964380809,3306.520463959862
29.257477676656,0.000000000000,2724,2486,15.556349186104,1.794702986412,17.440187887683,46.473254513711,2.479895538829,3236.489056286316
29.257477676656,0.000000000000,2724,2588,15.556349186104,2.986893417885,3.034623361529,19.520895752530,2.577721566150,3181.625115657179
29.257477676656,0.000000000000,2724,2503,15.748015748024,2.018394655236,10.224167973358,7.166342694495,26.426773870562,5657.913245739368
29.257477676656,0.000000000000,2724,2530,15.748015748024,3.253792982594,39.456069518891,12.664429177046,73.256844561165,7602.812022020577
29.257477676656,0.000000000000,2724,2715,16.062378404209,3.277560285178,8.877544279109,5.872437787018,73.015366299513,7783.623541594356
29.257477676656,0.000000000000,2724,2393,16.186414056239,2.228052908803,19.124782888937,8.097343717016,48.827708750538,7816.655549704951
29.257477676656,0.000000000000,2724,686,16.248076809272,1.413590929052,25.032166955682,13.413592534017,36.966092979176,5712.937071601373
29.257477676656,0.000000000000,2724,802,16.309506430300,2.111621115520,29.937795001237,3.138330837353,35.612502537054,4562.339843338140
29.257477676656,0.000000000000,2724,2518,16.309506430300,3.177977703660,7.783075751255,5.193542172396,70.080444060859,6675.956516165945
29.257477676656,0.000000000000,2724,634,16.492422502471,2.052551831842,19.241356398115,13.194164169114,75.401909839412,6094.083636552792
29.257477676656,0.000000000000,2724,658,16.492422502471,2.482386603269,21.514693376665,7.730525013255,76.586374494514,6919.282145418406
29.257477676656,0.000000000000,2724,1231,16.492422502471,4.153940575144,0.311568806117,3.962985138800,29.522033945479,4383.093372337874
29.257477676656,0.000000000000,2724,2456,16.733200530682,3.530990199293,0.147826310159,13.135348781786,63.574959143511,7304.660381743621
29.257477676656,0.000000000000,2724,91,16.970562748477,1.000000000000,37.994138231022,83.388405071009,2.118208664318,3191.946621698649
29.257477676656,0.000000000000,2724,120,16.970562748477,1.000000000000,7.539375154217,6.495304714877,75.969509950584,5364.184801097317
29.257477676656,0.000000000000,2724,340,16.970562748477,2.504328668471,42.113744884080,21.324759532861,2.577340211758,3880.311663070038
29.257477676656,0.000000000000,2724,741,16.970562748477,2.809187999134,26.925626883192,82.601573392996,2.888103982038,2418.254468062394
29.257477676656,0.000000000000,2724,962,16.970562748477,2.339623471008,9.700393744904,59.600336529937,2.282052295287,3771.990792396586
29.257477676656,0.000000000000,2724,1549,16.970562748477,2.257288359084,32.507079745199,19.123694697514,2.245571096294,4170.920107146744
29.257477676656,0.000000000000,2724,1575,16.970562748477,4.077864702182,37.986515990618,13.086308150333,2.411103633077,2398.937993415433
29.257477676656,0.000000000000,2724,1970,16.970562748477,2.196547628208,33.687175272487,64.243405010342,2.060477256648,2957.316746024398
29.257477676656,0.000000000000,2724,2003,16.970562748477,2.284071452438,30.165117616434,9.641971251904,2.558246653554,5440.739624826490
29.257477676656,0.000000000000,2724,2192,16.970562748477,2.327212792176,27.913753155828,73.478694836762,2.907462155571,3803.706810624934
29.257477676656,0.000000000000,2724,2239,16.970562748477,2.122908431490,8.954153947081,36.638203350661,2.891953467307,4018.351940385595
29.257477676656,0.000000000000,2724,2248,16.970562748477,2.464280997630,34.754953075396,39.347765672987,2.464432756189,2088.727223684281
29.257477676656,0.000000000000,2724,2320,16.970562748477,2.188876660029,39.420181518736,6.360296120503,26.704380453876,6556.563320649961
29.257477676656,0.000000000000,2724,2351,16.970562748477,1.811769483887,20.369496438303,42.124417429132,2.421967305900,3214.101901927613
29.257477676656,0.000000000000,2724,2508,16.970562748477,4.406042432985,0.790616095074,95.045019070308,2.384490619286,2670.077831270562
29.257477676656,0.000000000000,2724,2620,16.970562748477,2.366875102793,44.294754935958,43.973427265398,2.084194777568,2968.343653492622
29.257477676656,0.000000000000,2724,790,17.029386365926,2.885091280833,11.494003262372,88.670178316494,33.346059162929,5741.722584749549
29.257477676656,0.000000000000,2724,651,17.378147196983,2.533637284705,6.036532154464,3.130857065774,70.053640604211,6107.190234231014
29.257477676656,0.000000000000,2724,839,17.378147196983,1.856173117756,14.839614208179,11.869228855574,34.832066435579,5010.487205747840
29.257477676656,0.000000000000,2724,2670,17.378147196983,2.638366723022,35.452224834169,4.442449675287,63.557156232724,7442.593015052132
29.257477676656,0.000000000000,2724,2636,17.435595774163,2.711507871082,4.865213209959,11.638405334083,44.625370400504,4985.334866106776
29.257477676656,0.000000000000,2724,2107,17.492855684536,2.624999645177,7.112577893012,8.245187741653,11.943291599062,6037.412858923327
29.257477676656,0.000000000000,2724,251,17.663521732656,3.997050291668,37.941349075980,6.439406136534,56.044471874603,7464.181070491963
29.257477676656,0.000000000000,2724,830,17.663521732656,5.010478538645,22.208090860513,5.037010142207,10.788065067358,7624.957207532594
29.257477676656,0.000000000000,2724,1480,18.055470085268,2.661868444274,10.871505345683,8.469742064692,11.996708111414,6224.693969332301
29.257477676656,0.000000000000,2724,1192,18.330302779823,2.483816019389,32.032622933884,9.791973154574,62.470952863787,7168.369703679186
29.257477676656,0.000000000000,2724,531,18.384776310850,3.714734026499,20.789263911481,21.695420302975,2.163422497400,2853.628329913605
29.257477676656,0.000000000000,2724,654,18.384776310850,2.224616404026,2.951325629197,3.598653896593,32.277506675387,5364.944253058437
29.257477676656,0.000000000000,2724,666,18.384776310850,2.416471162975,2.478255662094,36.909027541552,2.174281276104,4194.658748566169
29.257477676656,0.000000000000,2724,876,18.384776310850,1.952253446873,35.330604470548,5.485759841090,50.296734150450,6556.809510999493
29.257477676656,0.000000000000,2724,980,18.384776310850,3.153779209255,24.256992754306,49.788775957193,2.516957144674,2150.254224877179
29.257477676656,0.000000000000,2724,1478,18.384776310850,2.715349060219,19.027631929862,30.286902941997,2.781705828337,2811.177406894441
29.257477676656,0.000000000000,2724,1655,18.384776310850,3.285859739318,22.212509502892,95.395385808102,2.073006801401,3298.843964351129
29.257477676656,0.000000000000,2724,1907,18.384776310850,2.385716516282,16.757743278808,4.263852561573,7.541924382990,6007.835288678271
29.257477676656,0.000000000000,2724,2016,18.384776310850,3.722870216414,47.154064804925,9.957477438247,6.559910320105,6358.548254688157
29.257477676656,0.000000000000,2724,2069,18.384776310850,2.557126234325,10.001271209201,7.289727622369,35.113885718277,7563.283848732011
29.257477676656,0.000000000000,2724,2100,18.384776310850,2.110859040738,33.482203155897,30.146497225528,2.750899801617,3015.284351926901
29.257477676656,0.000000000000,2724,2109,18.384776310850,2.851360968548,5.917470015233,74.750625169360,2.128372129712,3394.023948352999
29.257477676656,0.000000000000,2724,2122,18.384776310850,2.469028477856,13.533354190811,13.083429043110,2.457293246359,3647.603412223883
29.257477676656,0.000000000000,2724,2375,18.384776310850,1.748289861131,28.300269863645,40.703723886007,2.455131841477,4020.825041685594
29.257477676656,0.000000000000,2724,1066,18.547236990991,3.877084510212,2.140546612829,4.130265331191,69.244050335925,5620.175881207749
29.257477676656,0.000000000000,2724,2078,18.547236990991,1.927061645861,37.808674710730,10.766394495638,42.788248263531,6218.911151417628
29.257477676656,0.000000000000,2724,2240,18.547236990991,3.186973428933,1.444828210699,12.614925886074,64.253054676838,6669.763108566339
29.257477676656,0.000000000000,2724,382,18.708286933870,1.734846517248,13.791571632926,8.415430130636,22.883488846789,5776.434019142459
29.257477676656,0.000000000000,2724,754,18.761663039294,2.039857530083,34.114099049226,10.721241686889,30.366007906024,4324.085146840317
29.257477676656,0.000000000000,2724,2643,18.761663039294,2.289556018467,19.581025471900,13.496955721708,60.452261233752,6003.493276526226
29.257477676656,0.000000000000,2724,338,18.814887722227,1.604443908706,37.946781908698,12.936726542207,38.223120332571,5517.610398608579
29.257477676656,0.000000000000,2724,593,18.920887928425,2.212789851766,16.414372977913,11.640436940994,39.123480570999,3922.592040768742
29.257477676656,0.000000000000,2724,1706,18.973665961010,1.981855254130,27.512868706739,5.338796598574,58.046387288446,6526.068906850516
29.257477676656,0.000000000000,2724,1861,18.973665961010,2.113618946429,19.028876798480,6.052131372122,56.560691292122,5649.755604864646
29.257477676656,0.000000000000,2724,2076,18.973665961010,2.260932609986,43.482171708318,6.865007584628,23.354007389526,5511.301241002105
29.257477676656,0.000000000000,2724,1087,19.026297590440,3.915237697744,18.811115830882,11.326090985911,9.528051419767,7525.916146221860
29.257477676656,0.000000000000,2724,1625,19.026297590440,2.084815900863,31.851547231244,12.848327252478,28.470466686333,6750.812331539133
29.257477676656,0.000000000000,2724,1754,19.026297590440,3.098374212359,46.011108344434,11.782242532935,68.771531804291,6308.443488842037
29.257477676656,0.000000000000,2724,2249,19.339079605814,3.630390062274,5.324624835207,19.528147867850,75.365656174790,6182.236447015308
29.257477676656,0.000000000000,2724,1020,19.595917942265,5.989214332933,49.876187965308,76.607293618891,78.775026741779,5461.532092374381
29.257477676656,0.000000000000,2724,1178,19.595917942265,2.499087332940,8.547600954403,5.235888048209,46.946522947260,5706.067685068727
29.257477676656,0.000000000000,2724,160,19.798989873223,2.483098797528,15.559833001094,72.730317098945,2.018775324726,4673.528724625217
29.257477676656,0.000000000000,2724,364,19.798989873223,1.751871370971,42.941015876835,73.984741056903,2.764273002597,4335.843543488004
29.257477676656,0.000000000000,2724,509,19.798989873223,2.980824006955,39.193409003588,3.975154495308,2.075316516414,3943.685370825886
29.257477676656,0.000000000000,2724,898,19.798989873223,3.885459909506,37.247520795888,57.597214236496,2.194503824068,1756.845443048434
29.257477676656,0.000000000000,2724,1389,19.798989873223,4.710442487292,9.297867766049,20.380568393598,2.759663804220,2384.999651129032
29.257477676656,0.000000000000,2724,1533,19.798989873223,2.625128755650,41.157129725705,41.036074223612,2.168362995104,3020.053607607863
29.257477676656,0.000000000000,2724,1603,19.798989873223,2.398867193963,13.089047343329,10.693441793392,12.688773489155,6220.011893807739
29.257477676656,0.000000000000,2724,1725,19.798989873223,2.265178261142,10.938236689944,36.861115938301,2.908228313196,3361.249375503440
29.257477676656,0.000000000000,2724,1737,19.798989873223,3.531986423222,10.238634917014,91.383231736943,2.879259912174,2304.455622527303
29.257477676656,0.000000000000,2724,1914,19.798989873223,3.178172920002,6.731464283181,23.837954632889,2.883567399373,2827.847962264753
29.257477676656,0.000000000000,2724,1972,19.798989873223,1.854294804725,19.816028779647,13.236518586026,39.674055295154,6937.768122580315
29.257477676656,0.000000000000,2724,2071,19.798989873223,3.520598264384,1.522348365033,7.957553260345,2.809487712534,4737.752769531952
29.257477676656,0.000000000000,2724,2106,19.798989873223,3.620153001402,32.125890948401,97.283154105500,2.843844717623,3215.476994576221
29.257477676656,0.000000000000,2724,2366,19.798989873223,3.952512656300,49.138368111796,5.052426866155,17.774409456146,7240.733471148777
29.257477676656,0.000000000000,2724,2390,19.798989873223,2.265351612957,39.903087612394,16.225189107141,2.280684967310,4150.101708852055
29.257477676656,0.000000000000,2724,2677,19.798989873223,2.438515432669,4.429384914824,31.762516238980,2.979621455654,3396.945136815198
29.257477676656,0.000000000000,2724,2690,19.798989873223,2.224599872237,19.078163971129,76.404070113748,2.393609558882,3416.562974702072
29.257477676656,0.000000000000,2724,1906,20.149441679610,1.997297618122,12.697528566853,5.186756498422,26.806270708832,5869.601729171183
29.257477676656,0.000000000000,2724,1321,20.199009876724,2.094479698153,20.037028800691,7.199606659708,33.880155792640,6902.988511388223
29.257477676656,0.000000000000,2724,1208,20.396078054371,2.707503424119,35.134917106187,12.485640031075,14.264524792409,6597.167170434948
29.257477676656,0.000000000000,2724,2451,20.396078054371,4.047026662795,25.271610535265,10.342001020962,77.217479653703,5409.446458049304
29.257477676656,0.000000000000,2724,790,20.688160865577,2.062554399659,15.274044026278,8.687674299366,64.250324622457,6350.727363562366
29.257477676656,0.000000000000,2724,1106,20.784609690827,2.913553887757,0.654789858050,18.385517152524,29.161712509364,4888.068482003055
29.257477676656,0.000000000000,2724,2458,20.976176963403,2.107642281707,11.617496878996,12.975727185208,42.384579833525,7029.625199083726
29.257477676656,0.000000000000,2724,762,21.023796041629,2.691824905930,32.856168711752,4.665681435579,74.761031175917,5178.715653814797
29.257477676656,0.000000000000,2724,897,21.118712081943,2.688817656906,24.565756175787,11.653400662523,26.456123694563,7564.365364603033
29.257477676656,0.000000000000,2724,1807,21.118712081943,2.821253991475,42.239024716957,9.175423012965,27.975051660401,7212.876092870899
29.257477676656,0.000000000000,2724,107,21.213203435596,1.000000000000,19.030376957616,37.751700045681,2.734844018680,4345.205479847662
29.257477676656,0.000000000000,2724,658,21.213203435596,4.497187763929,0.998674520706,99.784986693605,2.803640671263,3165.657953701711
29.257477676656,0.000000000000,2724,660,21.213203435596,2.572177162621,9.180892935471,20.208139872464,2.249171992806,3914.753163936603
29.257477676656,0.000000000000,2724,696,21.213203435596,2.674157208547,47.309585563713,65.720545986310,2.677086658906,3357.504236623669
29.257477676656,0.000000000000,2724,903,21.213203435596,2.637957703713,12.897419083858,71.409025613209,2.952683581193,2974.169753884694
29.257477676656,0.000000000000,2724,974,21.213203435596,3.299079712925,6.648746597748,84.260786687059,2.625697741557,2903.561659205104
29.257477676656,0.000000000000,2724,1376,21.213203435596,1.934614233695,29.340323878792,7.746551961844,30.060161550047,5227.140578668260
29.257477676656,0.000000000000,2724,1430,21.213203435596,3.057637911946,39.514943620532,77.557208048043,2.594643949792,3624.170809651987
29.257477676656,0.000000000000,2724,1876,21.213203435596,2.552799191205,38.897233741283,70.798821743500,2.221136681086,3700.282661326308
29.257477676656,0.000000000000,2724,1942,21.213203435596,2.616623853847,29.288457544690,78.409677723810,2.238276804855,2166.027063845556
29.257477676656,0.000000000000,2724,2081,21.213203435596,3.835036653482,2.761167835618,26.096094141394,2.040444663221,2516.491216889732
29.257477676656,0.000000000000,2724,2553,21.213203435596,2.009808618304,12.919833102821,50.229994150653,2.010668327498,2996.781262732037
29.257477676656,0.000000000000,2724,617,21.260291625469,2.639946323935,11.024420172749,12.413258325265,7.759854875613,6198.958032742978
29.257477676656,0.000000000000,2724,1031,21.307275752663,1.896521738219,17.046358736171,12.719975560939,47.938293842487,5198.621926182758
29.257477676656,0.000000000000,2724,2499,21.354156504063,1.789150393517,25.760451025430,7.170531625123,42.777768169220,6163.090683353306
29.257477676656,0.000000000000,2724,1504,21.400934559033,1.981745805277,32.821492944293,12.533742149981,49.618958068521,6663.021984928464
29.257477676656,0.000000000000,2724,198,21.494185260205,1.887733178174,10.972548239502,8.536557183333,53.972128391619,5372.792480298727
29.257477676656,0.000000000000,2724,1568,21.725560982400,2.251079408577,13.000326452974,10.759149490153,34.687384430852,4684.043096683517
29.257477676656,0.000000000000,2724,2313,21.771541057077,2.645327961739,7.825385739276,4.615044105131,61.347527075823,7263.696344803375
29.257477676656,0.000000000000,2724,2547,21.908902300207,2.005148572024,32.612528354050,50.033512304713,14.036575483468,5161.146111847358
29.257477676656,0.000000000000,2724,1942,21.954498400100,2.671783451318,19.236771681134,4.518811509695,70.411589912554,8207.305204460470
29.257477676656,0.000000000000,2724,2710,21.954498400100,1.748460979722,27.779812773259,11.787463370388,20.682863852871,5635.754117919998
29.257477676656,0.000000000000,2724,2361,22.045407685049,2.129731353223,10.890824865017,9.669912249290,12.855621493988,5423.480052845142
29.257477676656,0.000000000000,2724,1857,22.090722034375,4.363339833672,45.487526589120,6.504512082929,3.242046573909,6795.635906191168
29.257477676656,0.000000000000,2724,2104,22.090722034375,1.793635799797,22.363895283490,7.062944065950,45.890385985868,5695.777339812323
29.257477676656,0.000000000000,2724,2128,22.090722034375,2.570176488248,40.983230265442,7.790553020523,52.707968423533,7402.634807152742
29.257477676656,0.000000000000,2724,1535,22.226110770893,2.344776238950,18.714861551667,8.883040648191,66.199853015880,6184.204732349104
29.257477676656,0.000000000000,2724,1884,22.405356502408,3.457299437169,22.409784197603,24.552081978281,68.989539299968,4394.619080031484
29.257477676656,0.000000000000,2724,1425,22.449944320644,2.981232298870,48.563030663294,13.080521788768,45.376745530798,5389.179735896837
29.257477676656,0.000000000000,2724,1871,22.449944320644,2.799557877160,27.702495595548,3.190327519445,76.794720793379,6241.857536076920
29.257477676656,0.000000000000,2724,989,22.494443758404,2.584624653874,35.786332825081,11.811872152509,68.559614647116,7149.294546068750
29.257477676656,0.000000000000,2724,36,22.627416997970,1.000000000000,30.890498658831,75.266265474114,2.472638455890,1270.213621482705
29.257477676656,0.000000000000,2724,400,22.627416997970,4.268284174749,41.809975368027,5.459879498031,2.024808317098,3321.638164161112
29.257477676656,0.000000000000,2724,506,22.627416997970,15.623540358006,44.672140031316,94.380475542970,2.590616816509,1207.089962592435
29.257477676656,0.000000000000,2724,1328,22.627416997970,2.869432858961,37.404412519196,47.052910338813,2.099743453608,2505.009921537544
29.257477676656,0.000000000000,2724,1340,22.627416997970,3.870439619322,15.183638145694,15.414054787689,2.623204908318,2777.880953530980
29.257477676656,0.000000000000,2724,1398,22.627416997970,4.102871006209,39.020915945837,4.637008250024,2.115605668763,2985.762534095988
29.257477676656,0.000000000000,2724,1613,22.627416997970,4.072767979933,47.447379310655,7.959839334995,2.999023208526,5843.532510500371
29.257477676656,0.000000000000,2724,1849,22.627416997970,3.578170084527,25.149879855937,80.476849935258,2.620200368306,1115.730442807780
29.257477676656,0.000000000000,2724,2064,22.627416997970,2.250800477889,22.188014288558,8.149337821465,24.510304068179,7268.232968356915
29.257477676656,0.000000000000,2724,2127,22.627416997970,3.872921389789,27.101917292031,3.867940722608,2.059984635537,2283.611639651565
29.257477676656,0.000000000000,2724,2194,22.627416997970,5.239170825934,39.051197515657,99.825207653592,2.727615082529,3955.320452365366
29.257477676656,0.000000000000,2724,2212,22.627416997970,2.571682746145,15.879908152092,12.803518398400,2.270406895849,3078.589679679311
29.257477676656,0.000000000000,2724,2454,22.627416997970,2.301598459422,20.337836532132,79.828192197013,2.509773904531,2913.490366593526
29.257477676656,0.000000000000,2724,2532,22.627416997970,2.986500826217,4.814772522287,18.783071234767,2.689364522444,2915.048666187915
29.257477676656,0.000000000000,2724,2561,22.627416997970,2.908245062234,46.728502105018,27.417243406893,2.254711874064,2653.914784693799
29.257477676656,0.000000000000,2724,2564,22.627416997970,2.348749075486,5.675703629965,26.908468676057,2.367094982254,3929.767342404421
29.257477676656,0.000000000000,2724,2695,22.627416997970,3.249375204045,47.971060575598,12.624563388864,2.738742352073,5371.743205734625
29.257477676656,0.000000000000,2724,824,22.759613353482,1.675632585175,26.179093941572,12.464278983206,46.440385813045,6183.565218405299
29.257477676656,0.000000000000,2724,400,22.803508501983,1.688045552577,46.630250270485,12.622169038107,40.991223319594,5184.771606885086
29.257477676656,0.000000000000,2724,2247,22.891046284519,2.084441825855,28.208123254835,8.843065508253,44.000101051425,7501.049384841380
29.257477676656,0.000000000000,2724,716,22.934689882359,2.246426730938,45.985626044089,11.799756527816,22.520785316795,4686.138818405691
29.257477676656,0.000000000000,2724,915,23.021728866443,1.775869685065,22.783885574599,12.384432598523,54.836112516398,6544.366569291465
29.257477676656,0.000000000000,2724,680,23.108440016583,2.688846821527,9.068508110310,5.385527960816,74.477523593398,6710.453922059849
29.257477676656,0.000000000000,2724,35,23.151673805580,1.000000000000,10.773513848983,4.479887660777,51.903868827979,5592.297285079203
29.257477676656,0.000000000000,2724,1348,23.151673805580,2.287001886947,41.318025718399,13.630837175892,27.380706192112,5268.207913359976
29.257477676656,0.000000000000,2724,2178,23.151673805580,1.978580567032,17.385331965816,14.220620031871,41.910206591250,7205.473833644919
29.257477676656,0.000000000000,2724,1767,23.280893453646,2.904720206096,13.185504407707,5.612426463728,15.560650068918,7266.593705715339
29.257477676656,0.000000000000,2724,2343,23.323807579381,1.875607796528,17.101391512240,6.850770682668,18.584301144619,5497.152283389178
29.257477676656,0.000000000000,2724,2362,23.323807579381,3.052081596630,2.802320795824,12.583010753608,57.964006917124,5885.974967607842
29.257477676656,0.000000000000,2724,205,23.366642891096,1.803063893069,31.335739066840,32.966787921238,4.600648809264,5133.739430645191
29.257477676656,0.000000000000,2724,1030,23.366642891096,2.858287359324,16.328071265881,6.476564475020,39.452643944399,7905.399633471265
29.257477676656,0.000000000000,2724,244,23.622023622035,3.235759065500,41.104920881543,11.242350765296,79.325834918001,5918.675652493883
29.257477676656,0.000000000000,2724,1910,23.622023622035,2.128403499894,9.290631187972,5.034425623242,38.394892053974,6100.420999074395
29.257477676656,0.000000000000,2724,2697,23.622023622035,1.822795747071,19.087212448882,4.444933801327,27.236946225500,6093.823517256630
29.257477676656,0.000000000000,2724,760,23.790754506741,1.849483318595,12.546749624502,11.716935668527,35.614145135162,5807.935484468751
29.257477676656,0.000000000000,2724,1109,23.790754506741,3.293578092087,35.982253362120,67.806350792331,4.087026385592,5485.830950863471
29.257477676656,0.000000000000,2724,1332,23.790754506741,4.171658849096,28.157325821223,3.607628917358,75.014627115074,8931.938662816092
29.257477676656,0.000000000000,2724,1470,24.000000000000,1.855986920541,30.076788922001,12.776046918939,34.333403724828,5386.007562910512
29.257477676656,0.000000000000,2724,1753,24.000000000000,2.372711210060,28.250354206253,10.674095823502,15.461422733176,6879.466160817328
29.257477676656,0.000000000000,2724,85,24.041630560343,1.000000000000,41.841093149827,11.985607045690,11.421609195296,6705.929607854241
29.257477676656,0.000000000000,2724,109,24.041630560343,1.000000000000,40.016643324437,14.034048511359,2.399842956454,4734.616930464236
29.257477676656,0.000000000000,2724,195,24.041630560343,3.627815392857,44.974426384931,11.422472050191,2.189847827656,5468.622020834562
29.257477676656,0.000000000000,2724,449,24.041630560343,4.331400955498,4.572581686742,98.233377317594,2.735070704507,3039.677200382415
29.257477676656,0.000000000000,2724,497,24.041630560343,1.818484790905,32.037731652534,60.801660105034,2.256499322806,3420.617995772653
29.257477676656,0.000000000000,2724,728,24.041630560343,3.097272157029,18.061705515435,55.193509357782,2.154029461153,2519.482206591709
29.257477676656,0.000000000000,2724,934,24.041630560343,3.149360569950,8.980312957342,87.626641579939,2.191415958624,3296.231324488113
29.257477676656,0.000000000000,2724,992,24.041630560343,4.343768149790,30.777261518486,3.664525724322,34.197974403893,8186.260245330237
29.257477676656,0.000000000000,2724,1126,24.041630560343,2.485528687566,18.428000370745,20.170376256434,2.196390091875,4556.320382574373
29.257477676656,0.000000000000,2724,1457,24.041630560343,3.384112478268,9.019044658442,42.657554373828,2.611788991671,2495.759399038593
29.257477676656,0.000000000000,2724,1882,24.041630560343,1.910766438723,31.516105549340,6.651486918620,47.819390189299,7031.951764850012
29.257477676656,0.000000000000,2724,1954,24.041630560343,5.092354463032,38.989695184896,28.968827976782,2.216572204975,1053.753260779426
29.257477676656,0.000000000000,2724,2083,24.041630560343,3.177977968494,27.572713585137,96.403367509251,2.857685131463,2353.751232832283
29.257477676656,0.000000000000,2724,2308,24.041630560343,3.808794904047,29.376354604742,14.796153626434,2.808609684357,1702.906771287116
29.257477676656,0.000000000000,2724,2416,24.041630560343,4.963972500198,26.421396400390,94.915624033914,2.371945945200,4757.611861212447
29.257477676656,0.000000000000,2724,2587,24.041630560343,2.896717907402,26.012948343621,27.465649482155,2.483511217165,1601.837816690523
29.257477676656,0.000000000000,2724,2652,24.041630560343,2.521382911272,11.544175437443,25.330647597248,2.811751324406,2536.839773635759
29.257477676656,0.000000000000,2724,2685,24.041630560343,3.694646990783,1.191748614130,86.050864667895,2.607082822873,3043.319673155178
29.257477676656,0.000000000000,2724,1236,24.124676163630,2.383234496416,16.246250035812,10.703234125692,62.293342885567,7088.318499645400
29.257477676656,0.000000000000,2724,1679,24.124676163630,3.225234775622,26.734840866092,3.334790282460,6.562083237081,7097.095335005956
29.257477676656,0.000000000000,2724,2476,24.124676163630,1.970815215498,37.162658628948,4.272221632988,21.013656602737,5559.108726124598
29.257477676656,0.000000000000,2724,1611,24.166091947189,2.022674719018,17.256323702777,6.968519456833,26.185306826380,6219.614110051593
29.257477676656,0.000000000000,2724,1257,24.289915602982,3.761441709096,2.957254223269,3.998488696726,9.787588833574,6060.204416065415
29.257477676656,0.000000000000,2724,2707,24.494897427832,3.708500230498,45.932004181521,5.043753834021,58.839483869448,5408.273292090882
29.257477676656,0.000000000000,2724,534,24.535688292771,14.298338792779,23.506225484998,11.474856931662,72.257350107781,9317.905332962506
29.257477676656,0.000000000000,2724,1383,24.535688292771,4.562169948535,42.268067593167,5.764593407814,8.343887111633,7385.340177555316
29.257477676656,0.000000000000,2724,2172,24.535688292771,2.514355302908,18.699253109059,8.318185426034,47.186496193186,8224.474569505272
29.257477676656,0.000000000000,2724,2493,24.535688292771,2.152509038176,19.795287457947,7.943399770679,18.944373791460,6819.554071427577
29.257477676656,0.000000000000,2724,336,24.657656011876,1.783484871689,21.716532054941,9.480179595864,25.279030880292,6099.691967207650
29.257477676656,0.000000000000,2724,2110,24.657656011876,3.025169053334,41.733991188841,3.039515037115,72.582573327274,7166.171215289724
29.257477676656,0.000000000000,2724,2337,24.657656011876,1.951589321885,21.135761479106,7.168111852652,38.657134331979,4922.553247621680
29.257477676656,0.000000000000,2724,2439,24.657656011876,1.841231811324,26.891561782419,12.904792749266,38.589021473530,6938.099786474110
29.257477676656,0.000000000000,2724,515,24.698178070457,1.856408418997,37.698413275842,76.404013535975,71.124590383061,4527.603927828625
29.257477676656,0.000000000000,2724,2523,24.738633753706,1.821171277793,21.331532612389,8.416241543459,13.428677687458,5060.462975771318
29.257477676656,0.000000000000,2724,1185,24.779023386728,2.682153333809,28.893718469306,5.768168016045,75.789435048302,6220.104597782688
29.257477676656,0.000000000000,2724,2128,24.779023386728,2.317495993235,32.842858312870,25.860941717140,12.673097588269,6351.377782063843
29.257477676656,0.000000000000,2724,666,24.819347291982,2.348589881207,25.821682178775,95.497483477314,45.761634624626,5646.175756291027
29.257477676656,0.000000000000,2724,1812,24.859605789312,1.772087634475,27.954537601448,41.426035977915,3.462189362376,4108.284614913060
29.257477676656,0.000000000000,2724,1881,24.859605789312,1.686072236573,33.755812843581,18.748594214851,26.564075660024,5010.122485946536
29.257477676656,0.000000000000,2724,1658,24.939927826680,3.549451671660,4.836324880099,40.638361157845,63.525878477715,5491.781540761893
29.257477676656,0.000000000000,2724,521,25.019992006394,3.090150737365,18.249969958042,85.624413882548,76.788687941733,6069.267906441853
29.257477676656,0.000000000000,2724,1915,25.019992006394,2.477663550701,4.696562675112,7.081218347798,24.013308113719,5897.291186227285
29.257477676656,0.000000000000,2724,1933,25.019992006394,3.016737892321,26.464287226503,4.025014764706,50.585577468204,4113.180303748879
29.257477676656,0.000000000000,2724,501,25.139610179953,1.310185313661,35.670652277555,13.615736220736,37.080279071123,5460.544024283900
29.257477676656,0.000000000000,2724,1230,25.139610179953,3.013822787535,42.905583170617,11.924883898319,47.095380012973,7328.917097556152
29.257477676656,0.000000000000,2724,1715,25.139610179953,3.206436117888,38.657468863936,6.451727878262,3.118793665922,6281.928500895881
29.257477676656,0.000000000000,2724,1502,25.258661880630,2.395334109065,8.051075390033,9.729840053250,30.545621531964,6687.522221640489
29.257477676656,0.000000000000,2724,2410,25.258661880630,2.087206011863,17.073136059399,10.384850420661,18.593125468787,6516.732911328245
29.257477676656,0.000000000000,2724,957,25.455844122716,3.520315428345,18.194678601782,45.399460570381,2.040304468212,2151.289849422787
29.257477676656,0.000000000000,2724,1161,25.455844122716,2.541904594561,20.490419685062,13.153754267196,4.668749469045,5533.623054591384
29.257477676656,0.000000000000,2724,1511,25.455844122716,3.115169170274,9.180555545284,19.401430296032,2.032860811860,3404.737207108364
29.257477676656,0.000000000000,2724,1860,25.455844122716,3.159978836174,29.331815424282,94.082250744399,2.832518923007,2211.193027991350
29.257477676656,0.000000000000,2724,1891,25.455844122716,2.498535967576,17.206089611790,76.446601293510,2.511344440232,2700.031524045106
29.257477676656,0.000000000000,2724,1992,25.455844122716,2.553079203815,22.639172132762,3.245703485155,64.735846723418,8322.245519803660
29.257477676656,0.000000000000,2724,2183,25.455844122716,2.709415762534,7.182389165703,27.960057344142,2.515150146025,2836.493826906549
29.257477676656,0.000000000000,2724,1422,25.495097567964,2.463677653841,42.644107921167,7.556889408033,30.146770997455,5009.415431538610
29.257477676656,0.000000000000,2724,372,25.573423705089,1.651585004266,41.688623385961,41.674284086322,3.178829675011,4935.259943534096
29.257477676656,0.000000000000,2724,318,25.612496949731,2.106437169186,6.796096046174,43.708323940794,13.644343250795,5762.166080529186
29.257477676656,0.000000000000,2724,494,25.729360660537,2.157026778423,23.783314235790,5.779643686494,3.061614298133,5851.298401464206
29.257477676656,0.000000000000,2724,804,25.729360660537,3.387731475242,2.569322830684,9.411397550907,77.761225862741,6738.249374217307
29.257477676656,0.000000000000,2724,2057,25.768197453450,2.603356468519,44.252425875632,27.952978490328,8.924792870744,5561.310209748888
29.257477676656,0.000000000000,2724,1385,25.806975801128,3.035997247791,6.276225093204,17.797180386702,64.139897150266,5307.084455121270
29.257477676656,0.000000000000,2724,2067,25.806975801128,3.818974402609,6.938246839229,4.845513625181,40.256776490213,8683.223578419023
29.257477676656,0.000000000000,2724,1209,25.922962793631,3.223609106301,37.712996968332,4.986431679328,78.578832643592,6317.049253783646
29.257477676656,0.000000000000,2724,2539,25.922962793631,2.854574894879,14.258877327106,12.858439326577,9.929165756886,6872.195969558383
29.257477676656,0.000000000000,2724,2306,25.961509971494,1.946492000910,40.574127991745,17.113520404930,24.742933243511,5303.155084251615
29.257477676656,0.000000000000,2724,2266,26.038433132583,1.974077090525,36.991219667266,12.222367203915,35.068923082191,6487.111431790150
29.257477676656,0.000000000000,2724,2592,26.076809620811,2.498518519621,6.905836504311,3.108218936211,34.059690166479,4888.074932212676
29.257477676656,0.000000000000,2724,644,26.115129714401,2.562606940719,47.113103217980,13.138806392428,8.069833236287,5516.104842583326
29.257477676656,0.000000000000,2724,1038,26.115129714401,2.237698172379,11.054451428194,53.860850888509,66.195526018362,5952.506002462736
29.257477676656,0.000000000000,2724,143,26.191601707418,2.189790943988,9.412798746641,45.874824359215,33.445955026039,5503.563630371092
29.257477676656,0.000000000000,2724,722,26.191601707418,4.154589272603,2.732220658776,4.685863948299,61.948109282015,7777.110826658760
29.257477676656,0.000000000000,2724,2156,26.191601707418,1.931193832211,13.557636646262,9.298164700781,31.338662508257,5002.414769527724
29.257477676656,0.000000000000,2724,1073,26.343879744639,2.796653183883,30.523351813250,7.599183987164,76.045278655375,7024.704639335726
29.257477676656,0.000000000000,2724,2564,26.343879744639,2.014167048301,13.782540472331,5.072915571294,30.206526859278,4925.618801066217
29.257477676656,0.000000000000,2724,2123,26.381811916546,2.545040637720,22.527202393558,13.484593179438,7.344344514244,6649.762827026718
29.257477676656,0.000000000000,2724,406,26.419689627246,3.925763369640,49.474040273878,3.479377642212,78.140533668765,6205.455615801174
29.257477676656,0.000000000000,2724,415,26.419689627246,2.469764862294,0.016296410655,6.811727631763,65.761237527017,5497.552918654485
29.257477676656,0.000000000000,2724,1076,26.419689627246,2.102868611980,30.392141635369,7.890804908783,53.057822237278,5591.637210301830
29.257477676656,0.000000000000,2724,1753,26.419689627246,2.042272959372,22.581207166161,66.071389651686,8.974143038617,4273.236482441751
29.257477676656,0.000000000000,2724,2203,26.495282598984,2.097640633419,30.662811627553,57.980083097271,35.376415441169,4803.290163821094
29.257477676656,0.000000000000,2724,1099,26.532998322843,2.284350501871,31.979527535198,8.304225758157,59.303759619930,5505.195229508075
29.257477676656,0.000000000000,2724,2010,26.720778431775,2.670006246684,28.228323930132,10.907456183959,17.824066685130,7389.667386583070
29.257477676656,0.000000000000,2724,2614,26.795522013949,2.897866210939,4.356239190648,3.160193521333,9.832142735296,4433.492788437955
29.257477676656,0.000000000000,2724,259,26.870057685089,2.018897242280,17.632226416887,30.683872553940,2.982050087643,4583.713561519331
29.257477676656,0.000000000000,2724,970,26.870057685089,2.288544142732,24.729303563886,3.168266238068,36.898584841875,7319.294073906347
29.257477676656,0.000000000000,2724,997,26.870057685089,1.944853240670,31.403017295287,37.580091579213,2.310215421779,4263.270806065937
29.257477676656,0.000000000000,2724,1083,26.870057685089,4.041670668646,2.819050626568,88.654261510560,2.361469979682,4133.251830453469
29.257477676656,0.000000000000,2724,1458,26.870057685089,4.806495914228,0.427372789612,88.932094292873,2.239200392704,4829.933964375180
29.257477676656,0.000000000000,2724,1550,26.870057685089,4.979223382422,47.337587051917,5.714953842574,2.860696525552,6611.709477887268
29.257477676656,0.000000000000,2724,1722,26.870057685089,1.959041232781,32.929239065366,5.644332831533,20.116603749861,5694.839426787098
29.257477676656,0.000000000000,2724,1794,26.870057685089,2.974607986584,17.479779122796,76.654009080066,3.881253662486,4983.042041099005
29.257477676656,0.000000000000,2724,1999,26.870057685089,2.541441483363,43.350073620958,38.848948227591,2.454500395124,2945.472833884700
29.257477676656,0.000000000000,2724,2116,26.870057685089,2.066190046923,20.739328931380,21.778298367748,2.006759061881,3531.093419774759
29.257477676656,0.000000000000,2724,2163,26.870057685089,1.896922843971,19.556066984127,12.236526071040,52.918289772725,5885.228921378288
29.257477676656,0.000000000000,2724,2497,26.870057685089,3.407564615358,4.954149836324,8.761125640154,49.443013756103,8404.311746775777
29.257477676656,0.000000000000,2724,2605,26.870057685089,2.159793130893,12.574091997373,59.856005576352,2.277578243259,4101.529658131130
29.257477676656,0.000000000000,2724,2606,26.870057685089,3.448597854747,28.719216721620,99.919508701688,2.854377977730,1497.988772062086
29.257477676656,0.000000000000,2724,2260,26.944387170615,2.595760097443,4.739779055262,4.527224701329,21.769734079885,4973.735157846668
29.257477676656,0.000000000000,2724,1183,27.092434368288,1.853954602576,29.965890291911,16.987471707040,33.209554046109,5747.967195779287
29.257477676656,0.000000000000,2724,2011,27.092434368288,4.684021690456,4.010777316178,40.855989056136,75.696462921200,5530.215537012604
29.257477676656,0.000000000000,2724,2062,27.092434368288,3.016131555357,34.464949541303,8.615801633398,39.799843361936,8336.145758560466
29.257477676656,0.000000000000,2724,1612,27.129319932501,2.792420042005,47.027514542225,3.139792049251,45.047942434442,6122.060719208277
29.257477676656,0.000000000000,2724,2399,27.166155414412,4.801324713206,49.329000247193,79.408533679629,17.060643058937,4810.773670575502
29.257477676656,0.000000000000,2724,2477,27.166155414412,3.124080789052,45.046572566170,4.766484526767,33.662417577786,4105.321575117149
29.257477676656,0.000000000000,2724,177,27.202941017471,1.766353136467,29.169903647769,25.093480754234,60.608357341010,6151.946316103393
29.257477676656,0.000000000000,2724,1970,27.239676943752,3.731875791589,0.870525269465,8.143312021769,11.727841568438,6602.049108023006
29.257477676656,0.000000000000,2724,2193,27.313000567495,1.894580921948,33.794402002869,7.700864538018,33.285970182914,4884.092049019462
29.257477676656,0.000000000000,2724,2237,27.313000567495,2.312834232957,5.853603972503,26.648329106880,19.616701449631,5975.814937544754
29.257477676656,0.000000000000,2724,756,27.349588662355,1.746047715304,26.575859006115,39.639377935141,64.527510274877,4982.134911558304
29.257477676656,0.000000000000,2724,1264,27.386127875258,3.331245847693,44.657782608748,6.684608379980,20.924817756257,3968.688195094883
29.257477676656,0.000000000000,2724,2165,27.495454169735,2.224861613996,10.190147235965,23.223916271213,55.546916040328,5965.895720334018
29.257477676656,0.000000000000,2724,1323,27.531799795872,2.907013021424,19.907520030830,7.766008769430,36.288197839420,8183.161060705344
29.257477676656,0.000000000000,2724,1517,27.531799795872,2.160182453827,42.522228903648,16.840922846744,35.045179704165,5421.118167658460
29.257477676656,0.000000000000,2724,386,27.640549922171,1.992829034890,12.102257517078,90.251810637082,62.283648469977,4933.552479323138
29.257477676656,0.000000000000,2724,1043,27.640549922171,2.137697778191,17.653968355672,61.635779924302,29.369328861462,5800.096691067904
29.257477676656,0.000000000000,2724,1195,27.676705006196,1.927885535382,19.744709620199,56.115033578729,26.454054117334,5304.073311838018
29.257477676656,0.000000000000,2724,1392,27.676705006196,2.649727117044,10.385069947081,12.836530103194,29.854374616388,7420.598274749642
29.257477676656,0.000000000000,2724,433,27.748873851023,1.615903048674,11.422430510677,10.071325552082,57.556457430429,5655.945511679704
29.257477676656,0.000000000000,2724,845,27.820855486487,3.037278915579,49.055963354669,4.064834857732,32.023334829800,6578.583944863120
29.257477676656,0.000000000000,2724,593,27.856776554368,3.442509800862,44.354216322806,11.097484353074,8.364812947997,6660.149623813072
29.257477676656,0.000000000000,2724,1466,27.856776554368,2.805083462520,14.251592203946,3.163464829640,27.892192091834,7571.169038113188
29.257477676656,0.000000000000,2724,1735,27.856776554368,1.959403705489,13.453027155624,15.256188482650,41.542358200554,5190.679241489568
29.257477676656,0.000000000000,2724,2442,27.856776554368,2.157416710652,23.046377689463,7.595723810155,8.819677423347,6143.181336037432
29.257477676656,0.000000000000,2724,1910,27.964262908219,2.449748363424,40.795124375230,3.745078058671,16.577821580077,4393.579931981882
29.257477676656,0.000000000000,2724,1062,28.000000000000,1.824772512451,25.199243136876,13.559250109178,38.963452875549,5957.048243467955
29.257477676656,0.000000000000,2724,1099,28.142494558941,3.558349630652,42.817345226696,4.048068672075,9.831179585518,6366.486411723280
29.257477676656,0.000000000000,2724,1887,28.142494558941,1.795124577883,22.542464382026,5.210174684442,25.676713096555,6118.181036731496
29.257477676656,0.000000000000,2724,1201,28.213471959332,4.927330060193,38.000197306174,89.944955885496,63.237014216470,4937.653244433123
29.257477676656,0.000000000000,2724,737,28.284271247462,2.408341319260,28.547085481206,16.573750634105,2.645498483938,3879.978255156912
29.257477676656,0.000000000000,2724,807,28.284271247462,2.460486714659,20.360957887299,71.480783829465,2.205998001532,2830.138218463377
29.257477676656,0.000000000000,2724,1111,28.284271247462,3.281591808794,29.789524406309,33.656068287313,2.630238641424,2481.966844522714
29.257477676656,0.000000000000,2724,1336,28.284271247462,2.176292882864,27.418802538097,41.525647342262,2.399956368805,3559.443293211860
29.257477676656,0.000000000000,2724,1489,28.284271247462,2.634172554141,14.778378010196,8.729872453084,3.677417513251,4620.575957949337
29.257477676656,0.000000000000,2724,1625,28.284271247462,2.636282064535,9.145614008901,62.964984440640,2.545045839444,3513.388741279821
29.257477676656,0.000000000000,2724,1835,28.284271247462,2.050867504128,30.636878496524,10.503453877538,58.153240666862,5584.399956063910
29.257477676656,0.000000000000,2724,2127,28.284271247462,2.486818260192,38.314920735674,9.342844443999,2.078394737758,4213.872138414076
29.257477676656,0.000000000000,2724,2190,28.284271247462,3.135794730665,47.300745584720,65.587426358077,2.648432228479,3449.491265042001
29.257477676656,0.000000000000,2724,2303,28.284271247462,4.301207380979,3.445088647428,95.287070372238,2.420127280084,3385.761604641090
29.257477676656,0.000000000000,2724,2463,28.284271247462,2.852641184577,43.817033185512,6.125951810901,2.324533811982,5266.076438766739
29.257477676656,0.000000000000,2724,2485,28.284271247462,2.589334727691,20.550033327140,40.653026085682,2.873821090409,1596.539152662886
29.257477676656,0.000000000000,2724,2642,28.284271247462,3.265116533492,30.697323715301,99.531231573437,2.303250502866,2874.438928654704
29.257477676656,0.000000000000,2724,899,28.390139133157,4.306290723576,46.963316331622,3.033494214246,76.783720799070,7510.079566479637
29.257477676656,0.000000000000,2724,1689,28.460498941515,3.240091208375,4.878928850753,9.424295469593,63.629310933510,5731.647248330887
29.257477676656,0.000000000000,2724,2229,28.460498941515,2.067744094358,15.012805915117,8.735425599025,21.340215543102,4261.198720348099
29.257477676656,0.000000000000,2724,2560,28.460498941515,2.040696638219,31.859132453136,3.692770905175,22.279635920877,6506.142039158740
29.257477676656,0.000000000000,2724,2340,28.530685235374,3.744658192461,26.240784768149,32.906908672334,74.039042883481,5077.275011170660
29.257477676656,0.000000000000,2724,276,28.670542373663,2.836275448610,41.951384421422,6.944668219047,68.897465970103,5629.987221503424
29.257477676656,0.000000000000,2724,2598,28.670542373663,4.748482379304,48.178508639473,4.725577185077,61.092011367592,8641.070601695370
29.257477676656,0.000000000000,2724,53,28.705400188815,1.000000000000,43.182311343131,5.810266265548,72.602572104074,6160.242556085174
29.257477676656,0.000000000000,2724,610,28.705400188815,1.500778306398,19.891029406486,10.833860810983,44.034667181076,5759.072335960529
29.257477676656,0.000000000000,2724,1262,28.705400188815,2.673961600922,15.779549316336,14.751134635435,3.752884114778,5336.820460764430
29.257477676656,0.000000000000,2724,1271,28.705400188815,2.513789988585,39.162951960750,8.206218089075,57.698684270695,5934.107767625224
29.257477676656,0.000000000000,2724,1789,28.809720581776,1.957213930302,11.580936091907,9.823834123888,30.736822216696,5345.212269676874
29.257477676656,0.000000000000,2724,2608,28.844410203712,2.841034104608,43.876921349780,52.155944351666,37.758450710247,5460.638580538951
29.257477676656,0.000000000000,2724,489,28.879058156387,1.457359493229,30.331612147022,12.294323071495,19.234649904529,5709.158626057078
29.257477676656,0.000000000000,2724,622,28.913664589602,2.212415453144,43.682650724064,8.369945970196,58.798603703200,6514.929409620063
29.257477676656,0.000000000000,2724,8,28.982753492379,1.000000000000,34.160456563466,17.886222348021,22.719924221729,5757.807362018973
29.257477676656,0.000000000000,2724,391,28.982753492379,2.545300463923,1.507479310569,69.912883351597,75.768037485613,5448.332125266005
29.257477676656,0.000000000000,2724,438,29.086079144498,1.706236328638,25.131574705012,8.690023660717,4.892701715855,5126.696186207554
29.257477676656,0.000000000000,2724,879,29.086079144498,3.927564108026,3.422307263146,59.828905288533,32.492075655002,7068.464344133333
29.257477676656,0.000000000000,2724,1542,29.086079144498,3.025637052460,19.213591459605,13.816281806631,76.188770824667,5682.359666638651
29.257477676656,0.000000000000,2724,2633,29.086079144498,3.380590614544,45.097089879649,4.828813777200,48.622793543375,4807.444947620279
29.257477676656,0.000000000000,2724,351,29.120439557122,3.157268075509,47.106790757846,21.837700900256,79.978747712973,4944.482877516159
29.257477676656,0.000000000000,2724,2546,29.154759474227,6.493127788955,12.013896729094,96.865937779683,22.924310927862,5682.405258313788
29.257477676656,0.000000000000,2724,2123,29.223278392405,2.163140914652,38.900722332329,9.750003085917,51.894408496252,6717.106968484312
29.257477676656,0.000000000000,2724,2309,29.223278392405,2.668794785966,34.215714206913,8.022630116070,44.261629281055,4225.511772054224
29.257477676656,0.000000000000,2724,307,29.257477676656,2.129195975383,19.252545259772,73.908597977939,47.857737518040,6622.306511178093